<?xml version="1.0" encoding="UTF-8"?>
<metadata xml:lang="en"><Esri><CreaDate>20210605</CreaDate><CreaTime>12441500</CreaTime><ArcGISFormat>1.0</ArcGISFormat><SyncOnce>FALSE</SyncOnce><DataProperties><itemProps><itemName Sync="TRUE">SingaporeLampsCCTVTrees</itemName><imsContentType Sync="TRUE">002</imsContentType><itemSize Sync="TRUE">0.000</itemSize><itemLocation><linkage Sync="TRUE">file://\\NL019171AA\C$\Users\MEE93748\Documents\ArcGIS\Singapore\Singapore2\SingaporeLampsCCTVTrees.shp</linkage><protocol Sync="TRUE">Local Area Network</protocol></itemLocation></itemProps><coordRef><type Sync="TRUE">Geographic</type><geogcsn Sync="TRUE">GCS_WGS_1984</geogcsn><csUnits Sync="TRUE">Angular Unit: Degree (0.017453)</csUnits><peXml Sync="TRUE">&lt;GeographicCoordinateSystem xsi:type='typens:GeographicCoordinateSystem' xmlns:xsi='http://www.w3.org/2001/XMLSchema-instance' xmlns:xs='http://www.w3.org/2001/XMLSchema' xmlns:typens='http://www.esri.com/schemas/ArcGIS/2.6.0'&gt;&lt;WKT&gt;GEOGCS[&amp;quot;GCS_WGS_1984&amp;quot;,DATUM[&amp;quot;D_WGS_1984&amp;quot;,SPHEROID[&amp;quot;WGS_1984&amp;quot;,6378137.0,298.257223563]],PRIMEM[&amp;quot;Greenwich&amp;quot;,0.0],UNIT[&amp;quot;Degree&amp;quot;,0.0174532925199433],AUTHORITY[&amp;quot;EPSG&amp;quot;,4326]]&lt;/WKT&gt;&lt;XOrigin&gt;-400&lt;/XOrigin&gt;&lt;YOrigin&gt;-400&lt;/YOrigin&gt;&lt;XYScale&gt;11258999068426.238&lt;/XYScale&gt;&lt;ZOrigin&gt;-100000&lt;/ZOrigin&gt;&lt;ZScale&gt;10000&lt;/ZScale&gt;&lt;MOrigin&gt;-100000&lt;/MOrigin&gt;&lt;MScale&gt;10000&lt;/MScale&gt;&lt;XYTolerance&gt;8.983152841195215e-09&lt;/XYTolerance&gt;&lt;ZTolerance&gt;0.001&lt;/ZTolerance&gt;&lt;MTolerance&gt;0.001&lt;/MTolerance&gt;&lt;HighPrecision&gt;true&lt;/HighPrecision&gt;&lt;LeftLongitude&gt;-180&lt;/LeftLongitude&gt;&lt;WKID&gt;4326&lt;/WKID&gt;&lt;LatestWKID&gt;4326&lt;/LatestWKID&gt;&lt;/GeographicCoordinateSystem&gt;</peXml></coordRef><lineage><Process ToolSource="c:\program files\arcgis\pro\Resources\ArcToolbox\toolboxes\Conversion Tools.tbx\FeatureClassToFeatureClass" Date="20210605" Time="124503">FeatureClassToFeatureClass gis_osm_roads_free_1 C:\Users\MEE93748\Documents\ArcGIS\Singapore\SingaporeStreet Streets_OSM.shp # "osm_id "osm_id" true true false 10 Text 0 0,First,#,gis_osm_roads_free_1,osm_id,0,10;code "code" true true false 4 Short 0 4,First,#,gis_osm_roads_free_1,code,-1,-1;fclass "fclass" true true false 28 Text 0 0,First,#,gis_osm_roads_free_1,fclass,0,28;name "name" true true false 100 Text 0 0,First,#,gis_osm_roads_free_1,name,0,100;ref "ref" true true false 20 Text 0 0,First,#,gis_osm_roads_free_1,ref,0,20;oneway "oneway" true true false 1 Text 0 0,First,#,gis_osm_roads_free_1,oneway,0,1;maxspeed "maxspeed" true true false 3 Short 0 3,First,#,gis_osm_roads_free_1,maxspeed,-1,-1;layer "layer" true true false 12 Double 0 12,First,#,gis_osm_roads_free_1,layer,-1,-1;bridge "bridge" true true false 1 Text 0 0,First,#,gis_osm_roads_free_1,bridge,0,1;tunnel "tunnel" true true false 1 Text 0 0,First,#,gis_osm_roads_free_1,tunnel,0,1" #</Process><Process ToolSource="c:\program files\arcgis\pro\Resources\ArcToolbox\toolboxes\Conversion Tools.tbx\FeatureClassToFeatureClass" Date="20210605" Time="125833">FeatureClassToFeatureClass Streets_OSM C:\Users\MEE93748\Documents\ArcGIS\Singapore\SingaporeStreet WalkableStreets_OSM.shp # "osm_id "osm_id" true true false 10 Text 0 0,First,#,Streets_OSM,osm_id,0,10;code "code" true true false 4 Short 0 4,First,#,Streets_OSM,code,-1,-1;fclass "fclass" true true false 28 Text 0 0,First,#,Streets_OSM,fclass,0,28;name "name" true true false 100 Text 0 0,First,#,Streets_OSM,name,0,100;ref "ref" true true false 20 Text 0 0,First,#,Streets_OSM,ref,0,20;oneway "oneway" true true false 1 Text 0 0,First,#,Streets_OSM,oneway,0,1;maxspeed "maxspeed" true true false 3 Short 0 3,First,#,Streets_OSM,maxspeed,-1,-1;layer "layer" true true false 12 Double 0 12,First,#,Streets_OSM,layer,-1,-1;bridge "bridge" true true false 1 Text 0 0,First,#,Streets_OSM,bridge,0,1;tunnel "tunnel" true true false 1 Text 0 0,First,#,Streets_OSM,tunnel,0,1" #</Process><Process ToolSource="c:\program files\arcgis\pro\Resources\ArcToolbox\toolboxes\Data Management Tools.tbx\SplitLineAtPoint" Date="20210605" Time="161013">SplitLineAtPoint C:\Users\MEE93748\Documents\ArcGIS\Singapore\SingaporeStreet\WalkableStreets_OSM.shp PointsAlongLine C:\Users\MEE93748\Documents\ArcGIS\Singapore\SingaporeStreet\WalkableStreets100m_OSM.shp "10 Meters"</Process><Process ToolSource="c:\program files\arcgis\pro\Resources\ArcToolbox\toolboxes\Conversion Tools.tbx\FeatureClassToFeatureClass" Date="20210605" Time="174359">FeatureClassToFeatureClass WalkableStreets100m_OSM C:\Users\MEE93748\Documents\ArcGIS\Singapore\SingaporeStreet StreetsSingapore_Walkable_Buffer5km.shp # "osm_id "osm_id" true true false 10 Text 0 0,First,#,WalkableStreets100m_OSM,osm_id,0,10;code "code" true true false 4 Short 0 4,First,#,WalkableStreets100m_OSM,code,-1,-1;fclass "fclass" true true false 28 Text 0 0,First,#,WalkableStreets100m_OSM,fclass,0,28;name "name" true true false 100 Text 0 0,First,#,WalkableStreets100m_OSM,name,0,100;ref "ref" true true false 20 Text 0 0,First,#,WalkableStreets100m_OSM,ref,0,20;oneway "oneway" true true false 1 Text 0 0,First,#,WalkableStreets100m_OSM,oneway,0,1;maxspeed "maxspeed" true true false 3 Short 0 3,First,#,WalkableStreets100m_OSM,maxspeed,-1,-1;layer "layer" true true false 12 Double 0 12,First,#,WalkableStreets100m_OSM,layer,-1,-1;bridge "bridge" true true false 1 Text 0 0,First,#,WalkableStreets100m_OSM,bridge,0,1;tunnel "tunnel" true true false 1 Text 0 0,First,#,WalkableStreets100m_OSM,tunnel,0,1" #</Process><Process ToolSource="c:\program files\arcgis\pro\Resources\ArcToolbox\toolboxes\Data Management Tools.tbx\CalculateField" Date="20210605" Time="181532">CalculateField StreetsSingapore_Walkable_Buffer5km osm_id !FID!+1 "Python 3" # Text</Process><Process ToolSource="c:\program files\arcgis\pro\Resources\ArcToolbox\toolboxes\Analysis Tools.tbx\SpatialJoin" Date="20210605" Time="183853">SpatialJoin StreetsSingapore_Walkable_Buffer5km LampPost C:\Users\MEE93748\Documents\ArcGIS\Singapore\SingaporeStreet\StreetsAndLamps.shp "Join one to one" KEEP_ALL "osm_id "osm_id" true true false 10 Text 0 0,First,#,StreetsSingapore_Walkable_Buffer5km,osm_id,0,10;code "code" true true false 4 Short 0 4,First,#,StreetsSingapore_Walkable_Buffer5km,code,-1,-1;fclass "fclass" true true false 28 Text 0 0,First,#,StreetsSingapore_Walkable_Buffer5km,fclass,0,28;name "name" true true false 100 Text 0 0,First,#,StreetsSingapore_Walkable_Buffer5km,name,0,100;ref "ref" true true false 20 Text 0 0,First,#,StreetsSingapore_Walkable_Buffer5km,ref,0,20;oneway "oneway" true true false 1 Text 0 0,First,#,StreetsSingapore_Walkable_Buffer5km,oneway,0,1;maxspeed "maxspeed" true true false 3 Short 0 3,First,#,StreetsSingapore_Walkable_Buffer5km,maxspeed,-1,-1;layer "layer" true true false 12 Double 0 12,First,#,StreetsSingapore_Walkable_Buffer5km,layer,-1,-1;bridge "bridge" true true false 1 Text 0 0,First,#,StreetsSingapore_Walkable_Buffer5km,bridge,0,1;tunnel "tunnel" true true false 1 Text 0 0,First,#,StreetsSingapore_Walkable_Buffer5km,tunnel,0,1;LAMPPOST_N "LAMPPOST_N" true true false 20 Text 0 0,Count,#,LampPost,LAMPPOST_N,0,20" "Within a distance" "50 Meters" #</Process><Process ToolSource="c:\program files\arcgis\pro\Resources\ArcToolbox\toolboxes\Data Management Tools.tbx\DeleteField" Date="20210605" Time="185209">DeleteField StreetsAndLamps Join_Count</Process><Process ToolSource="c:\program files\arcgis\pro\Resources\ArcToolbox\toolboxes\Data Management Tools.tbx\DeleteField" Date="20210605" Time="185218">DeleteField StreetsAndLamps TARGET_FID</Process><Process ToolSource="c:\program files\arcgis\pro\Resources\ArcToolbox\toolboxes\Analysis Tools.tbx\SpatialJoin" Date="20210605" Time="185351">SpatialJoin StreetsAndLamps LampPost C:\Users\MEE93748\Documents\ArcGIS\Singapore\SingaporeStreet\StreetsAndLamps2.shp "Join one to one" KEEP_ALL "osm_id "osm_id" true true false 10 Text 0 0,First,#,StreetsAndLamps,osm_id,0,10;code "code" true true false 4 Short 0 4,First,#,StreetsAndLamps,code,-1,-1;fclass "fclass" true true false 28 Text 0 0,First,#,StreetsAndLamps,fclass,0,28;name "name" true true false 100 Text 0 0,First,#,StreetsAndLamps,name,0,100;ref "ref" true true false 20 Text 0 0,First,#,StreetsAndLamps,ref,0,20;oneway "oneway" true true false 1 Text 0 0,First,#,StreetsAndLamps,oneway,0,1;maxspeed "maxspeed" true true false 3 Short 0 3,First,#,StreetsAndLamps,maxspeed,-1,-1;layer "layer" true true false 12 Double 0 12,First,#,StreetsAndLamps,layer,-1,-1;bridge "bridge" true true false 1 Text 0 0,First,#,StreetsAndLamps,bridge,0,1;tunnel "tunnel" true true false 1 Text 0 0,First,#,StreetsAndLamps,tunnel,0,1;LAMPPOST_N "LAMPPOST_N" true true false 20 Text 0 0,First,#,StreetsAndLamps,LAMPPOST_N,0,20;LAMPPOST_N_1 "LAMPPOST_N" true true false 20 Text 0 0,Count,#,LampPost,LAMPPOST_N,0,20" "Within a distance" "25 Meters" #</Process><Process ToolSource="c:\program files\arcgis\pro\Resources\ArcToolbox\toolboxes\Analysis Tools.tbx\SpatialJoin" Date="20210605" Time="185523">SpatialJoin StreetsAndLamps2 LampPost C:\Users\MEE93748\Documents\ArcGIS\Singapore\SingaporeStreet\StreetsAndLamps3.shp "Join one to one" KEEP_ALL "Join_Count "Join_Count" true true false 10 Long 0 10,First,#,StreetsAndLamps2,Join_Count,-1,-1;TARGET_FID "TARGET_FID" true true false 10 Long 0 10,First,#,StreetsAndLamps2,TARGET_FID,-1,-1;osm_id "osm_id" true true false 10 Text 0 0,First,#,StreetsAndLamps2,osm_id,0,10;code "code" true true false 4 Short 0 4,First,#,StreetsAndLamps2,code,-1,-1;fclass "fclass" true true false 28 Text 0 0,First,#,StreetsAndLamps2,fclass,0,28;name "name" true true false 100 Text 0 0,First,#,StreetsAndLamps2,name,0,100;ref "ref" true true false 20 Text 0 0,First,#,StreetsAndLamps2,ref,0,20;oneway "oneway" true true false 1 Text 0 0,First,#,StreetsAndLamps2,oneway,0,1;maxspeed "maxspeed" true true false 3 Short 0 3,First,#,StreetsAndLamps2,maxspeed,-1,-1;layer "layer" true true false 12 Double 0 12,First,#,StreetsAndLamps2,layer,-1,-1;bridge "bridge" true true false 1 Text 0 0,First,#,StreetsAndLamps2,bridge,0,1;tunnel "tunnel" true true false 1 Text 0 0,First,#,StreetsAndLamps2,tunnel,0,1;LAMPPOST_N "LAMPPOST_N" true true false 20 Text 0 0,First,#,StreetsAndLamps2,LAMPPOST_N,0,20;LAMPPOST_1 "LAMPPOST_1" true true false 20 Text 0 0,First,#,StreetsAndLamps2,LAMPPOST_1,0,20;LAMPPOST_N_1 "LAMPPOST_N" true true false 20 Text 0 0,Count,#,LampPost,LAMPPOST_N,0,20" "Within a distance" "10 Meters" #</Process><Process ToolSource="c:\program files\arcgis\pro\Resources\ArcToolbox\toolboxes\Data Management Tools.tbx\UpdateSchema" Date="20210605" Time="185623">UpdateSchema "CIMDATA=&lt;CIMStandardDataConnection xsi:type='typens:CIMStandardDataConnection' xmlns:xsi='http://www.w3.org/2001/XMLSchema-instance' xmlns:xs='http://www.w3.org/2001/XMLSchema' xmlns:typens='http://www.esri.com/schemas/ArcGIS/2.6.0'&gt;&lt;WorkspaceConnectionString&gt;DATABASE=C:\Users\MEE93748\Documents\ArcGIS\Singapore\SingaporeStreet&lt;/WorkspaceConnectionString&gt;&lt;WorkspaceFactory&gt;Shapefile&lt;/WorkspaceFactory&gt;&lt;Dataset&gt;StreetsAndLamps3&lt;/Dataset&gt;&lt;DatasetType&gt;esriDTFeatureClass&lt;/DatasetType&gt;&lt;/CIMStandardDataConnection&gt;" &lt;operationSequence&gt;&lt;workflow&gt;&lt;AddField&gt;&lt;field_name&gt;Lamps50m&lt;/field_name&gt;&lt;field_type&gt;LONG&lt;/field_type&gt;&lt;field_is_nullable&gt;False&lt;/field_is_nullable&gt;&lt;field_is_required&gt;False&lt;/field_is_required&gt;&lt;/AddField&gt;&lt;/workflow&gt;&lt;workflow&gt;&lt;AddField&gt;&lt;field_name&gt;Lamps25m&lt;/field_name&gt;&lt;field_type&gt;LONG&lt;/field_type&gt;&lt;field_is_nullable&gt;False&lt;/field_is_nullable&gt;&lt;field_is_required&gt;False&lt;/field_is_required&gt;&lt;/AddField&gt;&lt;/workflow&gt;&lt;workflow&gt;&lt;AddField&gt;&lt;field_name&gt;Lamps10m&lt;/field_name&gt;&lt;field_type&gt;LONG&lt;/field_type&gt;&lt;field_is_nullable&gt;False&lt;/field_is_nullable&gt;&lt;field_is_required&gt;False&lt;/field_is_required&gt;&lt;/AddField&gt;&lt;/workflow&gt;&lt;/operationSequence&gt;</Process><Process ToolSource="c:\program files\arcgis\pro\Resources\ArcToolbox\toolboxes\Data Management Tools.tbx\CalculateField" Date="20210605" Time="185647">CalculateField StreetsAndLamps3 Lamps50m !LAMPPOST_N! "Python 3" # Text</Process><Process ToolSource="c:\program files\arcgis\pro\Resources\ArcToolbox\toolboxes\Data Management Tools.tbx\CalculateField" Date="20210605" Time="185753">CalculateField StreetsAndLamps3 Lamps25m !LAMPPOST_1! "Python 3" # Text</Process><Process ToolSource="c:\program files\arcgis\pro\Resources\ArcToolbox\toolboxes\Data Management Tools.tbx\CalculateField" Date="20210605" Time="185911">CalculateField StreetsAndLamps3 Lamps10m !LAMPPOST_2! "Python 3" # Text</Process><Process ToolSource="c:\program files\arcgis\pro\Resources\ArcToolbox\toolboxes\Data Management Tools.tbx\DeleteField" Date="20210605" Time="190131">DeleteField StreetsAndLamps3 LAMPPOST_N</Process><Process ToolSource="c:\program files\arcgis\pro\Resources\ArcToolbox\toolboxes\Data Management Tools.tbx\DeleteField" Date="20210605" Time="190137">DeleteField StreetsAndLamps3 LAMPPOST_1</Process><Process ToolSource="c:\program files\arcgis\pro\Resources\ArcToolbox\toolboxes\Data Management Tools.tbx\DeleteField" Date="20210605" Time="190142">DeleteField StreetsAndLamps3 LAMPPOST_2</Process><Process ToolSource="c:\program files\arcgis\pro\Resources\ArcToolbox\toolboxes\Data Management Tools.tbx\DeleteField" Date="20210605" Time="190155">DeleteField StreetsAndLamps3 Join_Count;TARGET_FID;Join_Cou_1;TARGET_F_1</Process><Process ToolSource="c:\program files\arcgis\pro\Resources\ArcToolbox\toolboxes\Analysis Tools.tbx\SpatialJoin" Date="20210605" Time="190635">SpatialJoin StreetsAndLamps3 LTA_Road_Enforcement_Camera C:\Users\MEE93748\Documents\ArcGIS\Singapore\SingaporeStreet\StreetsAndLamps3CCTV1.shp "Join one to one" KEEP_ALL "osm_id "osm_id" true true false 10 Text 0 0,First,#,StreetsAndLamps3,osm_id,0,10;code "code" true true false 4 Short 0 4,First,#,StreetsAndLamps3,code,-1,-1;fclass "fclass" true true false 28 Text 0 0,First,#,StreetsAndLamps3,fclass,0,28;name "name" true true false 100 Text 0 0,First,#,StreetsAndLamps3,name,0,100;ref "ref" true true false 20 Text 0 0,First,#,StreetsAndLamps3,ref,0,20;oneway "oneway" true true false 1 Text 0 0,First,#,StreetsAndLamps3,oneway,0,1;maxspeed "maxspeed" true true false 3 Short 0 3,First,#,StreetsAndLamps3,maxspeed,-1,-1;layer "layer" true true false 12 Double 0 12,First,#,StreetsAndLamps3,layer,-1,-1;bridge "bridge" true true false 1 Text 0 0,First,#,StreetsAndLamps3,bridge,0,1;tunnel "tunnel" true true false 1 Text 0 0,First,#,StreetsAndLamps3,tunnel,0,1;Lamps50m "Lamps50m" true true false 10 Long 0 10,First,#,StreetsAndLamps3,Lamps50m,-1,-1;Lamps25m "Lamps25m" true true false 10 Long 0 10,First,#,StreetsAndLamps3,Lamps25m,-1,-1;Lamps10m "Lamps10m" true true false 10 Long 0 10,First,#,StreetsAndLamps3,Lamps10m,-1,-1;OBJECTID "OBJECTID" true true false 9 Long 0 9,First,#,LTA_Road_Enforcement_Camera,OBJECTID,-1,-1;UNIQUE_ID "UNIQUE_ID" true true false 19 Double 0 0,First,#,LTA_Road_Enforcement_Camera,UNIQUE_ID,-1,-1;INC_CRC "INC_CRC" true true false 50 Text 0 0,Count,#,LTA_Road_Enforcement_Camera,INC_CRC,0,50;FMEL_UPD_D "FMEL_UPD_D" true true false 8 Date 0 0,First,#,LTA_Road_Enforcement_Camera,FMEL_UPD_D,-1,-1;X_ADDR "X_ADDR" true true false 19 Double 0 0,First,#,LTA_Road_Enforcement_Camera,X_ADDR,-1,-1;Y_ADDR "Y_ADDR" true true false 19 Double 0 0,First,#,LTA_Road_Enforcement_Camera,Y_ADDR,-1,-1" "Within a distance" "50 Meters" #</Process><Process ToolSource="c:\program files\arcgis\pro\Resources\ArcToolbox\toolboxes\Data Management Tools.tbx\DeleteField" Date="20210605" Time="190737">DeleteField StreetsAndLamps3CCTV1 Join_Count;TARGET_FID;OBJECTID;UNIQUE_ID;FMEL_UPD_D;X_ADDR;Y_ADDR</Process><Process ToolSource="c:\program files\arcgis\pro\Resources\ArcToolbox\toolboxes\Analysis Tools.tbx\SpatialJoin" Date="20210605" Time="191121">SpatialJoin StreetsAndLamps3CCTV1 LTA_Road_Enforcement_Camera C:\Users\MEE93748\Documents\ArcGIS\Singapore\SingaporeStreet\StreetsAndLamps3CCTV2.shp "Join one to one" KEEP_ALL "osm_id "osm_id" true true false 10 Text 0 0,First,#,StreetsAndLamps3CCTV1,osm_id,0,10;code "code" true true false 4 Short 0 4,First,#,StreetsAndLamps3CCTV1,code,-1,-1;fclass "fclass" true true false 28 Text 0 0,First,#,StreetsAndLamps3CCTV1,fclass,0,28;name "name" true true false 100 Text 0 0,First,#,StreetsAndLamps3CCTV1,name,0,100;ref "ref" true true false 20 Text 0 0,First,#,StreetsAndLamps3CCTV1,ref,0,20;oneway "oneway" true true false 1 Text 0 0,First,#,StreetsAndLamps3CCTV1,oneway,0,1;maxspeed "maxspeed" true true false 3 Short 0 3,First,#,StreetsAndLamps3CCTV1,maxspeed,-1,-1;layer "layer" true true false 12 Double 0 12,First,#,StreetsAndLamps3CCTV1,layer,-1,-1;bridge "bridge" true true false 1 Text 0 0,First,#,StreetsAndLamps3CCTV1,bridge,0,1;tunnel "tunnel" true true false 1 Text 0 0,First,#,StreetsAndLamps3CCTV1,tunnel,0,1;Lamps50m "Lamps50m" true true false 10 Long 0 10,First,#,StreetsAndLamps3CCTV1,Lamps50m,-1,-1;Lamps25m "Lamps25m" true true false 10 Long 0 10,First,#,StreetsAndLamps3CCTV1,Lamps25m,-1,-1;Lamps10m "Lamps10m" true true false 10 Long 0 10,First,#,StreetsAndLamps3CCTV1,Lamps10m,-1,-1;INC_CRC "INC_CRC" true true false 50 Text 0 0,First,#,StreetsAndLamps3CCTV1,INC_CRC,0,50;OBJECTID "OBJECTID" true true false 9 Long 0 9,First,#,LTA_Road_Enforcement_Camera,OBJECTID,-1,-1;UNIQUE_ID "UNIQUE_ID" true true false 19 Double 0 0,First,#,LTA_Road_Enforcement_Camera,UNIQUE_ID,-1,-1;INC_CRC_1 "INC_CRC" true true false 50 Text 0 0,Count,#,LTA_Road_Enforcement_Camera,INC_CRC,0,50;FMEL_UPD_D "FMEL_UPD_D" true true false 8 Date 0 0,First,#,LTA_Road_Enforcement_Camera,FMEL_UPD_D,-1,-1;X_ADDR "X_ADDR" true true false 19 Double 0 0,First,#,LTA_Road_Enforcement_Camera,X_ADDR,-1,-1;Y_ADDR "Y_ADDR" true true false 19 Double 0 0,First,#,LTA_Road_Enforcement_Camera,Y_ADDR,-1,-1" "Within a distance" "25 Meters" #</Process><Process ToolSource="c:\program files\arcgis\pro\Resources\ArcToolbox\toolboxes\Data Management Tools.tbx\DeleteField" Date="20210605" Time="191144">DeleteField StreetsAndLamps3CCTV2 Join_Count;TARGET_FID;OBJECTID;UNIQUE_ID;FMEL_UPD_D;X_ADDR;Y_ADDR</Process><Process ToolSource="c:\program files\arcgis\pro\Resources\ArcToolbox\toolboxes\Analysis Tools.tbx\SpatialJoin" Date="20210605" Time="191517">SpatialJoin StreetsAndLamps3CCTV2 LTA_Road_Enforcement_Camera C:\Users\MEE93748\Documents\ArcGIS\Singapore\SingaporeStreet\StreetsAndLamps3CCTV3.shp "Join one to one" KEEP_ALL "osm_id "osm_id" true true false 10 Text 0 0,First,#,StreetsAndLamps3CCTV2,osm_id,0,10;code "code" true true false 4 Short 0 4,First,#,StreetsAndLamps3CCTV2,code,-1,-1;fclass "fclass" true true false 28 Text 0 0,First,#,StreetsAndLamps3CCTV2,fclass,0,28;name "name" true true false 100 Text 0 0,First,#,StreetsAndLamps3CCTV2,name,0,100;ref "ref" true true false 20 Text 0 0,First,#,StreetsAndLamps3CCTV2,ref,0,20;oneway "oneway" true true false 1 Text 0 0,First,#,StreetsAndLamps3CCTV2,oneway,0,1;maxspeed "maxspeed" true true false 3 Short 0 3,First,#,StreetsAndLamps3CCTV2,maxspeed,-1,-1;layer "layer" true true false 12 Double 0 12,First,#,StreetsAndLamps3CCTV2,layer,-1,-1;bridge "bridge" true true false 1 Text 0 0,First,#,StreetsAndLamps3CCTV2,bridge,0,1;tunnel "tunnel" true true false 1 Text 0 0,First,#,StreetsAndLamps3CCTV2,tunnel,0,1;Lamps50m "Lamps50m" true true false 10 Long 0 10,First,#,StreetsAndLamps3CCTV2,Lamps50m,-1,-1;Lamps25m "Lamps25m" true true false 10 Long 0 10,First,#,StreetsAndLamps3CCTV2,Lamps25m,-1,-1;Lamps10m "Lamps10m" true true false 10 Long 0 10,First,#,StreetsAndLamps3CCTV2,Lamps10m,-1,-1;INC_CRC "INC_CRC" true true false 50 Text 0 0,First,#,StreetsAndLamps3CCTV2,INC_CRC,0,50;INC_CRC_1 "INC_CRC_1" true true false 50 Text 0 0,First,#,StreetsAndLamps3CCTV2,INC_CRC_1,0,50;OBJECTID "OBJECTID" true true false 9 Long 0 9,First,#,LTA_Road_Enforcement_Camera,OBJECTID,-1,-1;UNIQUE_ID "UNIQUE_ID" true true false 19 Double 0 0,First,#,LTA_Road_Enforcement_Camera,UNIQUE_ID,-1,-1;INC_CRC_12 "INC_CRC" true true false 50 Text 0 0,Count,#,LTA_Road_Enforcement_Camera,INC_CRC,0,50;FMEL_UPD_D "FMEL_UPD_D" true true false 8 Date 0 0,First,#,LTA_Road_Enforcement_Camera,FMEL_UPD_D,-1,-1;X_ADDR "X_ADDR" true true false 19 Double 0 0,First,#,LTA_Road_Enforcement_Camera,X_ADDR,-1,-1;Y_ADDR "Y_ADDR" true true false 19 Double 0 0,First,#,LTA_Road_Enforcement_Camera,Y_ADDR,-1,-1" "Within a distance" "100 Meters" #</Process><Process ToolSource="c:\program files\arcgis\pro\Resources\ArcToolbox\toolboxes\Data Management Tools.tbx\UpdateSchema" Date="20210605" Time="191652">UpdateSchema "CIMDATA=&lt;CIMStandardDataConnection xsi:type='typens:CIMStandardDataConnection' xmlns:xsi='http://www.w3.org/2001/XMLSchema-instance' xmlns:xs='http://www.w3.org/2001/XMLSchema' xmlns:typens='http://www.esri.com/schemas/ArcGIS/2.6.0'&gt;&lt;WorkspaceConnectionString&gt;DATABASE=C:\Users\MEE93748\Documents\ArcGIS\Singapore\SingaporeStreet&lt;/WorkspaceConnectionString&gt;&lt;WorkspaceFactory&gt;Shapefile&lt;/WorkspaceFactory&gt;&lt;Dataset&gt;StreetsAndLamps3CCTV3&lt;/Dataset&gt;&lt;DatasetType&gt;esriDTFeatureClass&lt;/DatasetType&gt;&lt;/CIMStandardDataConnection&gt;" &lt;operationSequence&gt;&lt;workflow&gt;&lt;AlterField&gt;&lt;field_name&gt;FMEL_UPD_D&lt;/field_name&gt;&lt;field_is_nullable&gt;False&lt;/field_is_nullable&gt;&lt;clear_field_alias&gt;False&lt;/clear_field_alias&gt;&lt;/AlterField&gt;&lt;/workflow&gt;&lt;workflow&gt;&lt;AddField&gt;&lt;field_name&gt;CCTV100mRE&lt;/field_name&gt;&lt;field_type&gt;LONG&lt;/field_type&gt;&lt;field_is_nullable&gt;False&lt;/field_is_nullable&gt;&lt;field_is_required&gt;False&lt;/field_is_required&gt;&lt;/AddField&gt;&lt;/workflow&gt;&lt;workflow&gt;&lt;AddField&gt;&lt;field_name&gt;CCTV50mRE&lt;/field_name&gt;&lt;field_type&gt;LONG&lt;/field_type&gt;&lt;field_is_nullable&gt;False&lt;/field_is_nullable&gt;&lt;field_is_required&gt;False&lt;/field_is_required&gt;&lt;/AddField&gt;&lt;/workflow&gt;&lt;workflow&gt;&lt;AddField&gt;&lt;field_name&gt;CCTV25mRE&lt;/field_name&gt;&lt;field_type&gt;LONG&lt;/field_type&gt;&lt;field_is_nullable&gt;False&lt;/field_is_nullable&gt;&lt;field_is_required&gt;False&lt;/field_is_required&gt;&lt;/AddField&gt;&lt;/workflow&gt;&lt;workflow&gt;&lt;AddField&gt;&lt;field_name&gt;Field&lt;/field_name&gt;&lt;field_type&gt;LONG&lt;/field_type&gt;&lt;field_is_nullable&gt;False&lt;/field_is_nullable&gt;&lt;field_is_required&gt;False&lt;/field_is_required&gt;&lt;/AddField&gt;&lt;/workflow&gt;&lt;/operationSequence&gt;</Process><Process ToolSource="c:\program files\arcgis\pro\Resources\ArcToolbox\toolboxes\Data Management Tools.tbx\CalculateField" Date="20210605" Time="191720">CalculateField StreetsAndLamps3CCTV3 CCTV100mRE !INC_CRC_12! "Python 3" # Text</Process><Process ToolSource="c:\program files\arcgis\pro\Resources\ArcToolbox\toolboxes\Data Management Tools.tbx\CalculateField" Date="20210605" Time="192812">CalculateField StreetsAndLamps3CCTV3 CCTV50mRE !INC_CRC! "Python 3" # Text</Process><Process ToolSource="c:\program files\arcgis\pro\Resources\ArcToolbox\toolboxes\Data Management Tools.tbx\CalculateField" Date="20210605" Time="193657">CalculateField StreetsAndLamps3CCTV3 CCTV50mRE !INC_CRC! "Python 3" # Text</Process><Process ToolSource="c:\program files\arcgis\pro\Resources\ArcToolbox\toolboxes\Data Management Tools.tbx\CalculateField" Date="20210605" Time="194059">CalculateField StreetsAndLamps3CCTV3 CCTV25mRE !INC_CRC_1! "Python 3" # Text</Process><Process ToolSource="c:\program files\arcgis\pro\Resources\ArcToolbox\toolboxes\Data Management Tools.tbx\CalculateField" Date="20210605" Time="194857">CalculateField StreetsAndLamps3CCTV3 CCTV25mRE !INC_CRC_1! "Python 3" # Text</Process><Process ToolSource="c:\program files\arcgis\pro\Resources\ArcToolbox\Toolboxes\Data Management Tools.tbx\DeleteField" Date="20210605" Time="195131">DeleteField StreetsAndLamps3CCTV3 Join_Count;TARGET_FID;INC_CRC;INC_CRC_1;OBJECTID;UNIQUE_ID;INC_CRC_12;FMEL_UPD_D;X_ADDR;Y_ADDR;Field</Process><Process ToolSource="c:\program files\arcgis\pro\Resources\ArcToolbox\toolboxes\Data Management Tools.tbx\Rename" Date="20210605" Time="195201">Rename C:\Users\MEE93748\Documents\ArcGIS\Singapore\SingaporeStreet\StreetsAndLamps3CCTV3.shp C:\Users\MEE93748\Documents\ArcGIS\Singapore\SingaporeStreet\StreetsAndLampsAndCCTV.shp ShapeFile</Process><Process ToolSource="c:\program files\arcgis\pro\Resources\ArcToolbox\toolboxes\Data Management Tools.tbx\UpdateSchema" Date="20210605" Time="222229">UpdateSchema "CIMDATA=&lt;CIMStandardDataConnection xsi:type='typens:CIMStandardDataConnection' xmlns:xsi='http://www.w3.org/2001/XMLSchema-instance' xmlns:xs='http://www.w3.org/2001/XMLSchema' xmlns:typens='http://www.esri.com/schemas/ArcGIS/2.6.0'&gt;&lt;WorkspaceConnectionString&gt;DATABASE=C:\Users\MEE93748\Documents\ArcGIS\Singapore\SingaporeStreet&lt;/WorkspaceConnectionString&gt;&lt;WorkspaceFactory&gt;Shapefile&lt;/WorkspaceFactory&gt;&lt;Dataset&gt;StreetsAndLampsAndCCTV.shp&lt;/Dataset&gt;&lt;DatasetType&gt;esriDTFeatureClass&lt;/DatasetType&gt;&lt;/CIMStandardDataConnection&gt;" &lt;operationSequence&gt;&lt;workflow&gt;&lt;AddField&gt;&lt;field_name&gt;Length&lt;/field_name&gt;&lt;field_type&gt;DOUBLE&lt;/field_type&gt;&lt;field_is_nullable&gt;False&lt;/field_is_nullable&gt;&lt;field_is_required&gt;False&lt;/field_is_required&gt;&lt;/AddField&gt;&lt;/workflow&gt;&lt;/operationSequence&gt;</Process><Process ToolSource="c:\program files\arcgis\pro\Resources\ArcToolbox\toolboxes\Data Management Tools.tbx\CalculateGeometryAttributes" Date="20210605" Time="222526">CalculateGeometryAttributes StreetsAndLampsAndCCTV "Length LENGTH_GEODESIC" Meters # GEOGCS['GCS_WGS_1984',DATUM['D_WGS_1984',SPHEROID['WGS_1984',6378137.0,298.257223563]],PRIMEM['Greenwich',0.0],UNIT['Degree',0.0174532925199433]] "Same as input"</Process><Process ToolSource="c:\program files\arcgis\pro\Resources\ArcToolbox\toolboxes\Analysis Tools.tbx\SpatialJoin" Date="20210605" Time="224011">SpatialJoin StreetsAndLampsAndCCTV trees_small C:\Users\MEE93748\Documents\ArcGIS\Singapore\SingaporeStreet\StreetsLampsCCTVTrees1.shp "Join one to one" KEEP_ALL "osm_id "osm_id" true true false 10 Text 0 0,First,#,StreetsAndLampsAndCCTV,osm_id,0,10;code "code" true true false 4 Short 0 4,First,#,StreetsAndLampsAndCCTV,code,-1,-1;fclass "fclass" true true false 28 Text 0 0,First,#,StreetsAndLampsAndCCTV,fclass,0,28;name "name" true true false 100 Text 0 0,First,#,StreetsAndLampsAndCCTV,name,0,100;ref "ref" true true false 20 Text 0 0,First,#,StreetsAndLampsAndCCTV,ref,0,20;oneway "oneway" true true false 1 Text 0 0,First,#,StreetsAndLampsAndCCTV,oneway,0,1;maxspeed "maxspeed" true true false 3 Short 0 3,First,#,StreetsAndLampsAndCCTV,maxspeed,-1,-1;layer "layer" true true false 12 Double 0 12,First,#,StreetsAndLampsAndCCTV,layer,-1,-1;bridge "bridge" true true false 1 Text 0 0,First,#,StreetsAndLampsAndCCTV,bridge,0,1;tunnel "tunnel" true true false 1 Text 0 0,First,#,StreetsAndLampsAndCCTV,tunnel,0,1;Lamps50m "Lamps50m" true true false 10 Long 0 10,First,#,StreetsAndLampsAndCCTV,Lamps50m,-1,-1;Lamps25m "Lamps25m" true true false 10 Long 0 10,First,#,StreetsAndLampsAndCCTV,Lamps25m,-1,-1;Lamps10m "Lamps10m" true true false 10 Long 0 10,First,#,StreetsAndLampsAndCCTV,Lamps10m,-1,-1;CCTV100mRE "CCTV100mRE" true true false 10 Long 0 10,First,#,StreetsAndLampsAndCCTV,CCTV100mRE,-1,-1;CCTV50mRE "CCTV50mRE" true true false 10 Long 0 10,First,#,StreetsAndLampsAndCCTV,CCTV50mRE,-1,-1;CCTV25mRE "CCTV25mRE" true true false 10 Long 0 10,First,#,StreetsAndLampsAndCCTV,CCTV25mRE,-1,-1;Length "Length" true true false 19 Double 0 0,First,#,StreetsAndLampsAndCCTV,Length,-1,-1;height_est "height_est" true true false 18 Double 0 18,First,#,trees_small,height_est,-1,-1;Trees50m "Trees50m" true true false 255 Long 0 0,First,#" "Within a distance" "50 Meters" #</Process><Process ToolSource="c:\program files\arcgis\pro\Resources\ArcToolbox\toolboxes\Data Management Tools.tbx\CalculateField" Date="20210605" Time="224246">CalculateField StreetsLampsCCTVTrees1 Trees50m !Join_Count! "Python 3" # Text</Process><Process ToolSource="c:\program files\arcgis\pro\Resources\ArcToolbox\toolboxes\Data Management Tools.tbx\DeleteField" Date="20210605" Time="224455">DeleteField StreetsLampsCCTVTrees1 Join_Count;TARGET_FID;height_est</Process><Process ToolSource="c:\program files\arcgis\pro\Resources\ArcToolbox\toolboxes\Analysis Tools.tbx\SpatialJoin" Date="20210605" Time="224827">SpatialJoin StreetsLampsCCTVTrees1 trees_small C:\Users\MEE93748\Documents\ArcGIS\Singapore\SingaporeStreet\StreetsLampsCCTVTrees2.shp "Join one to one" KEEP_ALL "osm_id "osm_id" true true false 10 Text 0 0,First,#,StreetsLampsCCTVTrees1,osm_id,0,10;code "code" true true false 4 Short 0 4,First,#,StreetsLampsCCTVTrees1,code,-1,-1;fclass "fclass" true true false 28 Text 0 0,First,#,StreetsLampsCCTVTrees1,fclass,0,28;name "name" true true false 100 Text 0 0,First,#,StreetsLampsCCTVTrees1,name,0,100;ref "ref" true true false 20 Text 0 0,First,#,StreetsLampsCCTVTrees1,ref,0,20;oneway "oneway" true true false 1 Text 0 0,First,#,StreetsLampsCCTVTrees1,oneway,0,1;maxspeed "maxspeed" true true false 3 Short 0 3,First,#,StreetsLampsCCTVTrees1,maxspeed,-1,-1;layer "layer" true true false 12 Double 0 12,First,#,StreetsLampsCCTVTrees1,layer,-1,-1;bridge "bridge" true true false 1 Text 0 0,First,#,StreetsLampsCCTVTrees1,bridge,0,1;tunnel "tunnel" true true false 1 Text 0 0,First,#,StreetsLampsCCTVTrees1,tunnel,0,1;Lamps50m "Lamps50m" true true false 10 Long 0 10,First,#,StreetsLampsCCTVTrees1,Lamps50m,-1,-1;Lamps25m "Lamps25m" true true false 10 Long 0 10,First,#,StreetsLampsCCTVTrees1,Lamps25m,-1,-1;Lamps10m "Lamps10m" true true false 10 Long 0 10,First,#,StreetsLampsCCTVTrees1,Lamps10m,-1,-1;CCTV100mRE "CCTV100mRE" true true false 10 Long 0 10,First,#,StreetsLampsCCTVTrees1,CCTV100mRE,-1,-1;CCTV50mRE "CCTV50mRE" true true false 10 Long 0 10,First,#,StreetsLampsCCTVTrees1,CCTV50mRE,-1,-1;CCTV25mRE "CCTV25mRE" true true false 10 Long 0 10,First,#,StreetsLampsCCTVTrees1,CCTV25mRE,-1,-1;Length "Length" true true false 19 Double 0 0,First,#,StreetsLampsCCTVTrees1,Length,-1,-1;Trees50m "Trees50m" true true false 10 Long 0 10,First,#,StreetsLampsCCTVTrees1,Trees50m,-1,-1;height_est "height_est" true true false 18 Double 0 18,First,#,trees_small,height_est,-1,-1;Trees25m "Trees25m" true true false 255 Long 0 0,Count,#" "Within a distance" "25 Meters" #</Process><Process ToolSource="c:\program files\arcgis\pro\Resources\ArcToolbox\toolboxes\Data Management Tools.tbx\CalculateField" Date="20210605" Time="224916">CalculateField StreetsLampsCCTVTrees2 Trees25m !Join_Count! "Python 3" # Text</Process><Process ToolSource="c:\program files\arcgis\pro\Resources\ArcToolbox\toolboxes\Data Management Tools.tbx\DeleteField" Date="20210605" Time="224937">DeleteField StreetsLampsCCTVTrees2 Join_Count;TARGET_FID;height_est</Process><Process ToolSource="c:\program files\arcgis\pro\Resources\ArcToolbox\toolboxes\Analysis Tools.tbx\SpatialJoin" Date="20210605" Time="225534">SpatialJoin StreetsLampsCCTVTrees2 trees_small C:\Users\MEE93748\Documents\ArcGIS\Singapore\SingaporeStreet\StreetsLampsCCTVTrees.shp "Join one to one" KEEP_ALL "osm_id "osm_id" true true false 10 Text 0 0,First,#,StreetsLampsCCTVTrees2,osm_id,0,10;code "code" true true false 4 Short 0 4,First,#,StreetsLampsCCTVTrees2,code,-1,-1;fclass "fclass" true true false 28 Text 0 0,First,#,StreetsLampsCCTVTrees2,fclass,0,28;name "name" true true false 100 Text 0 0,First,#,StreetsLampsCCTVTrees2,name,0,100;ref "ref" true true false 20 Text 0 0,First,#,StreetsLampsCCTVTrees2,ref,0,20;oneway "oneway" true true false 1 Text 0 0,First,#,StreetsLampsCCTVTrees2,oneway,0,1;maxspeed "maxspeed" true true false 3 Short 0 3,First,#,StreetsLampsCCTVTrees2,maxspeed,-1,-1;layer "layer" true true false 12 Double 0 12,First,#,StreetsLampsCCTVTrees2,layer,-1,-1;bridge "bridge" true true false 1 Text 0 0,First,#,StreetsLampsCCTVTrees2,bridge,0,1;tunnel "tunnel" true true false 1 Text 0 0,First,#,StreetsLampsCCTVTrees2,tunnel,0,1;Lamps50m "Lamps50m" true true false 10 Long 0 10,First,#,StreetsLampsCCTVTrees2,Lamps50m,-1,-1;Lamps25m "Lamps25m" true true false 10 Long 0 10,First,#,StreetsLampsCCTVTrees2,Lamps25m,-1,-1;Lamps10m "Lamps10m" true true false 10 Long 0 10,First,#,StreetsLampsCCTVTrees2,Lamps10m,-1,-1;CCTV100mRE "CCTV100mRE" true true false 10 Long 0 10,First,#,StreetsLampsCCTVTrees2,CCTV100mRE,-1,-1;CCTV50mRE "CCTV50mRE" true true false 10 Long 0 10,First,#,StreetsLampsCCTVTrees2,CCTV50mRE,-1,-1;CCTV25mRE "CCTV25mRE" true true false 10 Long 0 10,First,#,StreetsLampsCCTVTrees2,CCTV25mRE,-1,-1;Length "Length" true true false 19 Double 0 0,First,#,StreetsLampsCCTVTrees2,Length,-1,-1;Trees50m "Trees50m" true true false 10 Long 0 10,First,#,StreetsLampsCCTVTrees2,Trees50m,-1,-1;Trees25m "Trees25m" true true false 10 Long 0 10,First,#,StreetsLampsCCTVTrees2,Trees25m,-1,-1;height_est "height_est" true true false 18 Double 0 18,First,#,trees_small,height_est,-1,-1;Trees10m "Trees10m" true true false 255 Long 0 0,Count,#" "Within a distance" "10 Meters" #</Process><Process ToolSource="c:\program files\arcgis\pro\Resources\ArcToolbox\toolboxes\Data Management Tools.tbx\CalculateField" Date="20210605" Time="225705">CalculateField StreetsLampsCCTVTrees Trees10m !Join_Count! "Python 3" # Text</Process><Process ToolSource="c:\program files\arcgis\pro\Resources\ArcToolbox\toolboxes\Data Management Tools.tbx\DeleteField" Date="20210605" Time="225721">DeleteField StreetsLampsCCTVTrees Join_Count;TARGET_FID;height_est</Process><Process ToolSource="c:\program files\arcgis\pro\Resources\ArcToolbox\toolboxes\Data Management Tools.tbx\SplitLineAtPoint" Date="20210606" Time="230329">SplitLineAtPoint StreetsLampsCCTVTrees PointsEnd C:\Users\MEE93748\Documents\ArcGIS\Singapore\Singapore2\Streets3.shp "1 Meters"</Process><Process ToolSource="c:\program files\arcgis\pro\Resources\ArcToolbox\toolboxes\Conversion Tools.tbx\FeatureClassToFeatureClass" Date="20210606" Time="234240">FeatureClassToFeatureClass Streets3 C:\Users\MEE93748\Documents\ArcGIS\Singapore\Singapore2 StreetsEnd.shp # "osm_id "osm_id" true true false 10 Text 0 0,First,#,Streets3,osm_id,0,10;code "code" true true false 4 Short 0 4,First,#,Streets3,code,-1,-1;fclass "fclass" true true false 28 Text 0 0,First,#,Streets3,fclass,0,28;name "name" true true false 100 Text 0 0,First,#,Streets3,name,0,100;ref "ref" true true false 20 Text 0 0,First,#,Streets3,ref,0,20;oneway "oneway" true true false 1 Text 0 0,First,#,Streets3,oneway,0,1;maxspeed "maxspeed" true true false 3 Short 0 3,First,#,Streets3,maxspeed,-1,-1;layer "layer" true true false 12 Double 0 12,First,#,Streets3,layer,-1,-1;bridge "bridge" true true false 1 Text 0 0,First,#,Streets3,bridge,0,1;tunnel "tunnel" true true false 1 Text 0 0,First,#,Streets3,tunnel,0,1;Lamps50m "Lamps50m" true true false 10 Long 0 10,First,#,Streets3,Lamps50m,-1,-1;Lamps25m "Lamps25m" true true false 10 Long 0 10,First,#,Streets3,Lamps25m,-1,-1;Lamps10m "Lamps10m" true true false 10 Long 0 10,First,#,Streets3,Lamps10m,-1,-1;CCTV100mRE "CCTV100mRE" true true false 10 Long 0 10,First,#,Streets3,CCTV100mRE,-1,-1;CCTV50mRE "CCTV50mRE" true true false 10 Long 0 10,First,#,Streets3,CCTV50mRE,-1,-1;CCTV25mRE "CCTV25mRE" true true false 10 Long 0 10,First,#,Streets3,CCTV25mRE,-1,-1;Length "Length" true true false 19 Double 0 0,First,#,Streets3,Length,-1,-1;Trees50m "Trees50m" true true false 10 Long 0 10,First,#,Streets3,Trees50m,-1,-1;Trees25m "Trees25m" true true false 10 Long 0 10,First,#,Streets3,Trees25m,-1,-1;Trees10m "Trees10m" true true false 10 Long 0 10,First,#,Streets3,Trees10m,-1,-1" #</Process><Process ToolSource="c:\program files\arcgis\pro\Resources\ArcToolbox\toolboxes\Data Management Tools.tbx\SplitLineAtPoint" Date="20210607" Time="000308">SplitLineAtPoint StreetsEnd PointsEndVertices C:\Users\MEE93748\Documents\ArcGIS\Singapore\Singapore2\Singapore.shp "1 Meters"</Process><Process ToolSource="c:\program files\arcgis\pro\Resources\ArcToolbox\toolboxes\Analysis Tools.tbx\SpatialJoin" Date="20210607" Time="000713">SpatialJoin Singapore LampPost C:\Users\MEE93748\Documents\ArcGIS\Singapore\Singapore2\SingaporeLamps.shp "Join one to one" KEEP_ALL "osm_id "osm_id" true true false 10 Text 0 0,First,#,Singapore,osm_id,0,10;code "code" true true false 4 Short 0 4,First,#,Singapore,code,-1,-1;fclass "fclass" true true false 28 Text 0 0,First,#,Singapore,fclass,0,28;name "name" true true false 100 Text 0 0,First,#,Singapore,name,0,100;ref "ref" true true false 20 Text 0 0,First,#,Singapore,ref,0,20;oneway "oneway" true true false 1 Text 0 0,First,#,Singapore,oneway,0,1;maxspeed "maxspeed" true true false 3 Short 0 3,First,#,Singapore,maxspeed,-1,-1;layer "layer" true true false 12 Double 0 12,First,#,Singapore,layer,-1,-1;bridge "bridge" true true false 1 Text 0 0,First,#,Singapore,bridge,0,1;tunnel "tunnel" true true false 1 Text 0 0,First,#,Singapore,tunnel,0,1;Lamps50m "Lamps50m" true true false 10 Long 0 10,First,#,Singapore,Lamps50m,-1,-1;Lamps25m "Lamps25m" true true false 10 Long 0 10,First,#,Singapore,Lamps25m,-1,-1;Lamps10m "Lamps10m" true true false 10 Long 0 10,First,#,Singapore,Lamps10m,-1,-1;CCTV100mRE "CCTV100mRE" true true false 10 Long 0 10,First,#,Singapore,CCTV100mRE,-1,-1;CCTV50mRE "CCTV50mRE" true true false 10 Long 0 10,First,#,Singapore,CCTV50mRE,-1,-1;CCTV25mRE "CCTV25mRE" true true false 10 Long 0 10,First,#,Singapore,CCTV25mRE,-1,-1;Length "Length" true true false 19 Double 0 0,First,#,Singapore,Length,-1,-1;Trees50m "Trees50m" true true false 10 Long 0 10,First,#,Singapore,Trees50m,-1,-1;Trees25m "Trees25m" true true false 10 Long 0 10,First,#,Singapore,Trees25m,-1,-1;Trees10m "Trees10m" true true false 10 Long 0 10,First,#,Singapore,Trees10m,-1,-1;LAMPPOST_N "LAMPPOST_N" true true false 20 Text 0 0,First,#,LampPost,LAMPPOST_N,0,20" "Within a distance" "20 Meters" #</Process><Process ToolSource="c:\program files\arcgis\pro\Resources\ArcToolbox\toolboxes\Data Management Tools.tbx\UpdateSchema" Date="20210607" Time="000807">UpdateSchema "CIMDATA=&lt;CIMStandardDataConnection xsi:type='typens:CIMStandardDataConnection' xmlns:xsi='http://www.w3.org/2001/XMLSchema-instance' xmlns:xs='http://www.w3.org/2001/XMLSchema' xmlns:typens='http://www.esri.com/schemas/ArcGIS/2.6.0'&gt;&lt;WorkspaceConnectionString&gt;DATABASE=C:\Users\MEE93748\Documents\ArcGIS\Singapore\Singapore2&lt;/WorkspaceConnectionString&gt;&lt;WorkspaceFactory&gt;Shapefile&lt;/WorkspaceFactory&gt;&lt;Dataset&gt;SingaporeLamps&lt;/Dataset&gt;&lt;DatasetType&gt;esriDTFeatureClass&lt;/DatasetType&gt;&lt;/CIMStandardDataConnection&gt;" &lt;operationSequence&gt;&lt;workflow&gt;&lt;AddField&gt;&lt;field_name&gt;Lamps20m&lt;/field_name&gt;&lt;field_type&gt;LONG&lt;/field_type&gt;&lt;field_is_nullable&gt;False&lt;/field_is_nullable&gt;&lt;field_is_required&gt;False&lt;/field_is_required&gt;&lt;/AddField&gt;&lt;/workflow&gt;&lt;workflow&gt;&lt;AddField&gt;&lt;field_name&gt;Field&lt;/field_name&gt;&lt;field_type&gt;LONG&lt;/field_type&gt;&lt;field_is_nullable&gt;False&lt;/field_is_nullable&gt;&lt;field_is_required&gt;False&lt;/field_is_required&gt;&lt;/AddField&gt;&lt;/workflow&gt;&lt;/operationSequence&gt;</Process><Process ToolSource="c:\program files\arcgis\pro\Resources\ArcToolbox\toolboxes\Data Management Tools.tbx\CalculateField" Date="20210607" Time="000828">CalculateField SingaporeLamps Lamps20m !Join_Count! "Python 3" # Text</Process><Process ToolSource="c:\program files\arcgis\pro\Resources\ArcToolbox\toolboxes\Analysis Tools.tbx\SpatialJoin" Date="20210607" Time="001334">SpatialJoin SingaporeLamps LTA_Road_Enforcement_Camera C:\Users\MEE93748\Documents\ArcGIS\Singapore\Singapore2\SingaporeLampsCCTV.shp "Join one to one" KEEP_ALL "Join_Count "Join_Count" true true false 10 Long 0 10,First,#,SingaporeLamps,Join_Count,-1,-1;TARGET_FID "TARGET_FID" true true false 10 Long 0 10,First,#,SingaporeLamps,TARGET_FID,-1,-1;osm_id "osm_id" true true false 10 Text 0 0,First,#,SingaporeLamps,osm_id,0,10;code "code" true true false 4 Short 0 4,First,#,SingaporeLamps,code,-1,-1;fclass "fclass" true true false 28 Text 0 0,First,#,SingaporeLamps,fclass,0,28;name "name" true true false 100 Text 0 0,First,#,SingaporeLamps,name,0,100;ref "ref" true true false 20 Text 0 0,First,#,SingaporeLamps,ref,0,20;oneway "oneway" true true false 1 Text 0 0,First,#,SingaporeLamps,oneway,0,1;maxspeed "maxspeed" true true false 3 Short 0 3,First,#,SingaporeLamps,maxspeed,-1,-1;layer "layer" true true false 12 Double 0 12,First,#,SingaporeLamps,layer,-1,-1;bridge "bridge" true true false 1 Text 0 0,First,#,SingaporeLamps,bridge,0,1;tunnel "tunnel" true true false 1 Text 0 0,First,#,SingaporeLamps,tunnel,0,1;Lamps50m "Lamps50m" true true false 10 Long 0 10,First,#,SingaporeLamps,Lamps50m,-1,-1;Lamps25m "Lamps25m" true true false 10 Long 0 10,First,#,SingaporeLamps,Lamps25m,-1,-1;Lamps10m "Lamps10m" true true false 10 Long 0 10,First,#,SingaporeLamps,Lamps10m,-1,-1;CCTV100mRE "CCTV100mRE" true true false 10 Long 0 10,First,#,SingaporeLamps,CCTV100mRE,-1,-1;CCTV50mRE "CCTV50mRE" true true false 10 Long 0 10,First,#,SingaporeLamps,CCTV50mRE,-1,-1;CCTV25mRE "CCTV25mRE" true true false 10 Long 0 10,First,#,SingaporeLamps,CCTV25mRE,-1,-1;Length "Length" true true false 19 Double 0 0,First,#,SingaporeLamps,Length,-1,-1;Trees50m "Trees50m" true true false 10 Long 0 10,First,#,SingaporeLamps,Trees50m,-1,-1;Trees25m "Trees25m" true true false 10 Long 0 10,First,#,SingaporeLamps,Trees25m,-1,-1;Trees10m "Trees10m" true true false 10 Long 0 10,First,#,SingaporeLamps,Trees10m,-1,-1;LAMPPOST_N "LAMPPOST_N" true true false 20 Text 0 0,First,#,SingaporeLamps,LAMPPOST_N,0,20;Lamps20m "Lamps20m" true true false 10 Long 0 10,First,#,SingaporeLamps,Lamps20m,-1,-1;Field "Field" true true false 10 Long 0 10,First,#,SingaporeLamps,Field,-1,-1;OBJECTID "OBJECTID" true true false 9 Long 0 9,First,#,LTA_Road_Enforcement_Camera,OBJECTID,-1,-1;UNIQUE_ID "UNIQUE_ID" true true false 19 Double 0 0,First,#,LTA_Road_Enforcement_Camera,UNIQUE_ID,-1,-1;INC_CRC "INC_CRC" true true false 50 Text 0 0,First,#,LTA_Road_Enforcement_Camera,INC_CRC,0,50;FMEL_UPD_D "FMEL_UPD_D" true true false 8 Date 0 0,First,#,LTA_Road_Enforcement_Camera,FMEL_UPD_D,-1,-1;X_ADDR "X_ADDR" true true false 19 Double 0 0,First,#,LTA_Road_Enforcement_Camera,X_ADDR,-1,-1;Y_ADDR "Y_ADDR" true true false 19 Double 0 0,First,#,LTA_Road_Enforcement_Camera,Y_ADDR,-1,-1;CCTV20mRE "CCTV20mRE" true true false 255 Long 0 0,Count,#" "Within a distance" "20 Meters" #</Process><Process ToolSource="c:\program files\arcgis\pro\Resources\ArcToolbox\toolboxes\Data Management Tools.tbx\CalculateField" Date="20210607" Time="001539">CalculateField SingaporeLampsCCTV CCTV20mRE !Join_Cou_1! "Python 3" # Text</Process><Process ToolSource="c:\program files\arcgis\pro\Resources\ArcToolbox\toolboxes\Data Management Tools.tbx\CalculateField" Date="20210607" Time="001551">CalculateField SingaporeLampsCCTV CCTV20mRE !Join_Cou_1! "Python 3" # Text</Process><Process ToolSource="c:\program files\arcgis\pro\Resources\ArcToolbox\toolboxes\Analysis Tools.tbx\SpatialJoin" Date="20210607" Time="001829">SpatialJoin SingaporeLampsCCTV trees_small C:\Users\MEE93748\Documents\ArcGIS\Singapore\Singapore2\SingaporeLampsCCTVTrees.shp "Join one to one" KEEP_ALL "Join_Count "Join_Count" true true false 10 Long 0 10,First,#,SingaporeLampsCCTV,Join_Count,-1,-1;TARGET_FID "TARGET_FID" true true false 10 Long 0 10,First,#,SingaporeLampsCCTV,TARGET_FID,-1,-1;Join_Cou_1 "Join_Cou_1" true true false 10 Long 0 10,First,#,SingaporeLampsCCTV,Join_Cou_1,-1,-1;TARGET_F_1 "TARGET_F_1" true true false 10 Long 0 10,First,#,SingaporeLampsCCTV,TARGET_F_1,-1,-1;osm_id "osm_id" true true false 10 Text 0 0,First,#,SingaporeLampsCCTV,osm_id,0,10;code "code" true true false 4 Short 0 4,First,#,SingaporeLampsCCTV,code,-1,-1;fclass "fclass" true true false 28 Text 0 0,First,#,SingaporeLampsCCTV,fclass,0,28;name "name" true true false 100 Text 0 0,First,#,SingaporeLampsCCTV,name,0,100;ref "ref" true true false 20 Text 0 0,First,#,SingaporeLampsCCTV,ref,0,20;oneway "oneway" true true false 1 Text 0 0,First,#,SingaporeLampsCCTV,oneway,0,1;maxspeed "maxspeed" true true false 3 Short 0 3,First,#,SingaporeLampsCCTV,maxspeed,-1,-1;layer "layer" true true false 12 Double 0 12,First,#,SingaporeLampsCCTV,layer,-1,-1;bridge "bridge" true true false 1 Text 0 0,First,#,SingaporeLampsCCTV,bridge,0,1;tunnel "tunnel" true true false 1 Text 0 0,First,#,SingaporeLampsCCTV,tunnel,0,1;Lamps50m "Lamps50m" true true false 10 Long 0 10,First,#,SingaporeLampsCCTV,Lamps50m,-1,-1;Lamps25m "Lamps25m" true true false 10 Long 0 10,First,#,SingaporeLampsCCTV,Lamps25m,-1,-1;Lamps10m "Lamps10m" true true false 10 Long 0 10,First,#,SingaporeLampsCCTV,Lamps10m,-1,-1;CCTV100mRE "CCTV100mRE" true true false 10 Long 0 10,First,#,SingaporeLampsCCTV,CCTV100mRE,-1,-1;CCTV50mRE "CCTV50mRE" true true false 10 Long 0 10,First,#,SingaporeLampsCCTV,CCTV50mRE,-1,-1;CCTV25mRE "CCTV25mRE" true true false 10 Long 0 10,First,#,SingaporeLampsCCTV,CCTV25mRE,-1,-1;Length "Length" true true false 19 Double 0 0,First,#,SingaporeLampsCCTV,Length,-1,-1;Trees50m "Trees50m" true true false 10 Long 0 10,First,#,SingaporeLampsCCTV,Trees50m,-1,-1;Trees25m "Trees25m" true true false 10 Long 0 10,First,#,SingaporeLampsCCTV,Trees25m,-1,-1;Trees10m "Trees10m" true true false 10 Long 0 10,First,#,SingaporeLampsCCTV,Trees10m,-1,-1;LAMPPOST_N "LAMPPOST_N" true true false 20 Text 0 0,First,#,SingaporeLampsCCTV,LAMPPOST_N,0,20;Lamps20m "Lamps20m" true true false 10 Long 0 10,First,#,SingaporeLampsCCTV,Lamps20m,-1,-1;Field "Field" true true false 10 Long 0 10,First,#,SingaporeLampsCCTV,Field,-1,-1;OBJECTID "OBJECTID" true true false 9 Long 0 9,First,#,SingaporeLampsCCTV,OBJECTID,-1,-1;UNIQUE_ID "UNIQUE_ID" true true false 19 Double 0 0,First,#,SingaporeLampsCCTV,UNIQUE_ID,-1,-1;INC_CRC "INC_CRC" true true false 50 Text 0 0,First,#,SingaporeLampsCCTV,INC_CRC,0,50;FMEL_UPD_D "FMEL_UPD_D" true true false 8 Date 0 0,First,#,SingaporeLampsCCTV,FMEL_UPD_D,-1,-1;X_ADDR "X_ADDR" true true false 19 Double 0 0,First,#,SingaporeLampsCCTV,X_ADDR,-1,-1;Y_ADDR "Y_ADDR" true true false 19 Double 0 0,First,#,SingaporeLampsCCTV,Y_ADDR,-1,-1;CCTV20mRE "CCTV20mRE" true true false 10 Long 0 10,First,#,SingaporeLampsCCTV,CCTV20mRE,-1,-1;height_est "height_est" true true false 18 Double 0 18,First,#,trees_small,height_est,-1,-1" "Within a distance" "20 Meters" #</Process><Process ToolSource="c:\program files\arcgis\pro\Resources\ArcToolbox\toolboxes\Data Management Tools.tbx\CalculateField" Date="20210607" Time="001943">CalculateField SingaporeLampsCCTVTrees Lamps20m !Join_Cou_1! "Python 3" # Text</Process><Process ToolSource="c:\program files\arcgis\pro\Resources\ArcToolbox\toolboxes\Data Management Tools.tbx\CalculateField" Date="20210607" Time="002106">CalculateField SingaporeLampsCCTVTrees Lamps20m !Join_Count! "Python 3" # Text</Process><Process ToolSource="c:\program files\arcgis\pro\Resources\ArcToolbox\toolboxes\Data Management Tools.tbx\UpdateSchema" Date="20210607" Time="002130">UpdateSchema "CIMDATA=&lt;CIMStandardDataConnection xsi:type='typens:CIMStandardDataConnection' xmlns:xsi='http://www.w3.org/2001/XMLSchema-instance' xmlns:xs='http://www.w3.org/2001/XMLSchema' xmlns:typens='http://www.esri.com/schemas/ArcGIS/2.6.0'&gt;&lt;WorkspaceConnectionString&gt;DATABASE=C:\Users\MEE93748\Documents\ArcGIS\Singapore\Singapore2&lt;/WorkspaceConnectionString&gt;&lt;WorkspaceFactory&gt;Shapefile&lt;/WorkspaceFactory&gt;&lt;Dataset&gt;SingaporeLampsCCTVTrees&lt;/Dataset&gt;&lt;DatasetType&gt;esriDTFeatureClass&lt;/DatasetType&gt;&lt;/CIMStandardDataConnection&gt;" &lt;operationSequence&gt;&lt;workflow&gt;&lt;AlterField&gt;&lt;field_name&gt;FMEL_UPD_D&lt;/field_name&gt;&lt;field_is_nullable&gt;False&lt;/field_is_nullable&gt;&lt;clear_field_alias&gt;False&lt;/clear_field_alias&gt;&lt;/AlterField&gt;&lt;/workflow&gt;&lt;workflow&gt;&lt;AddField&gt;&lt;field_name&gt;Trees20m&lt;/field_name&gt;&lt;field_type&gt;LONG&lt;/field_type&gt;&lt;field_is_nullable&gt;False&lt;/field_is_nullable&gt;&lt;field_is_required&gt;False&lt;/field_is_required&gt;&lt;/AddField&gt;&lt;/workflow&gt;&lt;workflow&gt;&lt;AddField&gt;&lt;field_name&gt;Field1&lt;/field_name&gt;&lt;field_type&gt;LONG&lt;/field_type&gt;&lt;field_is_nullable&gt;False&lt;/field_is_nullable&gt;&lt;field_is_required&gt;False&lt;/field_is_required&gt;&lt;/AddField&gt;&lt;/workflow&gt;&lt;/operationSequence&gt;</Process><Process ToolSource="c:\program files\arcgis\pro\Resources\ArcToolbox\toolboxes\Data Management Tools.tbx\UpdateSchema" Date="20210607" Time="002137">UpdateSchema "CIMDATA=&lt;CIMStandardDataConnection xsi:type='typens:CIMStandardDataConnection' xmlns:xsi='http://www.w3.org/2001/XMLSchema-instance' xmlns:xs='http://www.w3.org/2001/XMLSchema' xmlns:typens='http://www.esri.com/schemas/ArcGIS/2.6.0'&gt;&lt;WorkspaceConnectionString&gt;DATABASE=C:\Users\MEE93748\Documents\ArcGIS\Singapore\Singapore2&lt;/WorkspaceConnectionString&gt;&lt;WorkspaceFactory&gt;Shapefile&lt;/WorkspaceFactory&gt;&lt;Dataset&gt;SingaporeLampsCCTVTrees&lt;/Dataset&gt;&lt;DatasetType&gt;esriDTFeatureClass&lt;/DatasetType&gt;&lt;/CIMStandardDataConnection&gt;" &lt;operationSequence&gt;&lt;workflow&gt;&lt;AlterField&gt;&lt;field_name&gt;FMEL_UPD_D&lt;/field_name&gt;&lt;field_is_nullable&gt;False&lt;/field_is_nullable&gt;&lt;clear_field_alias&gt;False&lt;/clear_field_alias&gt;&lt;/AlterField&gt;&lt;/workflow&gt;&lt;/operationSequence&gt;</Process><Process ToolSource="c:\program files\arcgis\pro\Resources\ArcToolbox\toolboxes\Data Management Tools.tbx\UpdateSchema" Date="20210607" Time="002148">UpdateSchema "CIMDATA=&lt;CIMStandardDataConnection xsi:type='typens:CIMStandardDataConnection' xmlns:xsi='http://www.w3.org/2001/XMLSchema-instance' xmlns:xs='http://www.w3.org/2001/XMLSchema' xmlns:typens='http://www.esri.com/schemas/ArcGIS/2.6.0'&gt;&lt;WorkspaceConnectionString&gt;DATABASE=C:\Users\MEE93748\Documents\ArcGIS\Singapore\Singapore2&lt;/WorkspaceConnectionString&gt;&lt;WorkspaceFactory&gt;Shapefile&lt;/WorkspaceFactory&gt;&lt;Dataset&gt;SingaporeLampsCCTVTrees&lt;/Dataset&gt;&lt;DatasetType&gt;esriDTFeatureClass&lt;/DatasetType&gt;&lt;/CIMStandardDataConnection&gt;" &lt;operationSequence&gt;&lt;workflow&gt;&lt;DeleteField&gt;&lt;field_name&gt;FMEL_UPD_D&lt;/field_name&gt;&lt;/DeleteField&gt;&lt;/workflow&gt;&lt;/operationSequence&gt;</Process><Process ToolSource="c:\program files\arcgis\pro\Resources\ArcToolbox\toolboxes\Data Management Tools.tbx\CalculateField" Date="20210607" Time="002219">CalculateField SingaporeLampsCCTVTrees Trees20m !Join_Cou_1! "Python 3" # Text</Process><Process ToolSource="c:\program files\arcgis\pro\Resources\ArcToolbox\toolboxes\Data Management Tools.tbx\DeleteField" Date="20210607" Time="002232">DeleteField SingaporeLampsCCTVTrees X_ADDR;Y_ADDR;height_est;Field1</Process><Process ToolSource="c:\program files\arcgis\pro\Resources\ArcToolbox\toolboxes\Data Management Tools.tbx\DeleteField" Date="20210607" Time="002241">DeleteField SingaporeLampsCCTVTrees Field;OBJECTID;UNIQUE_ID;INC_CRC</Process><Process ToolSource="c:\program files\arcgis\pro\Resources\ArcToolbox\toolboxes\Data Management Tools.tbx\DeleteField" Date="20210607" Time="002318">DeleteField SingaporeLampsCCTVTrees Lamps50m;Lamps25m;Lamps10m;CCTV100mRE;CCTV50mRE;CCTV25mRE;Trees50m;Trees25m;Trees10m;LAMPPOST_N</Process><Process ToolSource="c:\program files\arcgis\pro\Resources\ArcToolbox\toolboxes\Data Management Tools.tbx\CalculateGeometryAttributes" Date="20210607" Time="002446">CalculateGeometryAttributes SingaporeLampsCCTVTrees "Length LENGTH_GEODESIC" Meters # GEOGCS['GCS_WGS_1984',DATUM['D_WGS_1984',SPHEROID['WGS_1984',6378137.0,298.257223563]],PRIMEM['Greenwich',0.0],UNIT['Degree',0.0174532925199433]] "Same as input"</Process><Process ToolSource="c:\program files\arcgis\pro\Resources\ArcToolbox\toolboxes\Data Management Tools.tbx\DeleteField" Date="20210607" Time="002518">DeleteField SingaporeLampsCCTVTrees Join_Count;TARGET_FID;Join_Cou_1;TARGET_F_1;Join_Cou_2;TARGET_F_2</Process><Process ToolSource="c:\program files\arcgis\pro\Resources\ArcToolbox\toolboxes\Data Management Tools.tbx\CalculateField" Date="20210607" Time="002534">CalculateField SingaporeLampsCCTVTrees osm_id !FID!+1 "Python 3" # Text</Process></lineage><LayerFile>{"type":"CIMLayerDocument","version":"2.6.0","build":24783,"layers":["CIMPATH=map/singaporelampscctvtrees.xml"],"layerDefinitions":[{"type":"CIMFeatureLayer","name":"SingaporeLampsCCTVTrees","uRI":"CIMPATH=map/singaporelampscctvtrees.xml","sourceModifiedTime":{"type":"TimeInstant"},"useSourceMetadata":true,"description":"SingaporeLampsCCTVTrees","layerElevation":{"type":"CIMLayerElevationSurface","mapElevationID":"{567A3C2E-5173-45C8-9CDD-BD6B89918D1F}"},"expanded":true,"layerType":"Operational","showLegends":true,"visibility":true,"displayCacheType":"Permanent","maxDisplayCacheAge":5,"showPopups":true,"serviceLayerID":-1,"refreshRate":-1,"refreshRateUnit":"esriTimeUnitsSeconds","autoGenerateFeatureTemplates":true,"featureElevationExpression":"0","featureTable":{"type":"CIMFeatureTable","displayField":"name","editable":true,"dataConnection":{"type":"CIMStandardDataConnection","workspaceConnectionString":"DATABASE=..\\..\\..\\..\\Documents\\ArcGIS\\Singapore\\Singapore2","workspaceFactory":"Shapefile","dataset":"SingaporeLampsCCTVTrees","datasetType":"esriDTFeatureClass"},"studyAreaSpatialRel":"esriSpatialRelUndefined","searchOrder":"esriSearchOrderSpatial"},"htmlPopupEnabled":true,"selectable":true,"featureCacheType":"Session","displayFiltersType":"ByScale","labelClasses":[{"type":"CIMLabelClass","expression":"$feature.name","expressionEngine":"Arcade","featuresToLabel":"AllVisibleFeatures","maplexLabelPlacementProperties":{"type":"CIMMaplexLabelPlacementProperties","featureType":"Line","avoidPolygonHoles":true,"canOverrunFeature":true,"canPlaceLabelOutsidePolygon":true,"canRemoveOverlappingLabel":true,"canStackLabel":true,"connectionType":"MinimizeLabels","constrainOffset":"AboveLine","contourAlignmentType":"Page","contourLadderType":"Straight","contourMaximumAngle":90,"enableConnection":true,"featureWeight":0,"fontHeightReductionLimit":4,"fontHeightReductionStep":0.5,"fontWidthReductionLimit":90,"fontWidthReductionStep":5,"graticuleAlignmentType":"Straight","keyNumberGroupName":"Default","labelBuffer":15,"labelLargestPolygon":true,"labelPriority":-1,"labelStackingProperties":{"type":"CIMMaplexLabelStackingProperties","stackAlignment":"ChooseBest","maximumNumberOfLines":3,"minimumNumberOfCharsPerLine":3,"maximumNumberOfCharsPerLine":24,"separators":[{"type":"CIMMaplexStackingSeparator","separator":" ","splitAfter":true},{"type":"CIMMaplexStackingSeparator","separator":",","visible":true,"splitAfter":true}]},"lineFeatureType":"General","linePlacementMethod":"OffsetStraightFromLine","maximumLabelOverrun":16,"maximumLabelOverrunUnit":"Point","minimumFeatureSizeUnit":"Map","multiPartOption":"OneLabelPerFeature","offsetAlongLineProperties":{"type":"CIMMaplexOffsetAlongLineProperties","placementMethod":"BestPositionAlongLine","labelAnchorPoint":"CenterOfLabel","distanceUnit":"Map","useLineDirection":true},"pointExternalZonePriorities":{"type":"CIMMaplexExternalZonePriorities","aboveLeft":4,"aboveCenter":2,"aboveRight":1,"centerRight":3,"belowRight":5,"belowCenter":7,"belowLeft":8,"centerLeft":6},"pointPlacementMethod":"AroundPoint","polygonAnchorPointType":"GeometricCenter","polygonBoundaryWeight":0,"polygonExternalZones":{"type":"CIMMaplexExternalZonePriorities","aboveLeft":4,"aboveCenter":2,"aboveRight":1,"centerRight":3,"belowRight":5,"belowCenter":7,"belowLeft":8,"centerLeft":6},"polygonFeatureType":"General","polygonInternalZones":{"type":"CIMMaplexInternalZonePriorities","center":1},"polygonPlacementMethod":"CurvedInPolygon","primaryOffset":1,"primaryOffsetUnit":"Point","removeExtraWhiteSpace":true,"repetitionIntervalUnit":"Point","rotationProperties":{"type":"CIMMaplexRotationProperties","rotationType":"Arithmetic","alignmentType":"Straight"},"secondaryOffset":100,"strategyPriorities":{"type":"CIMMaplexStrategyPriorities","stacking":1,"overrun":2,"fontCompression":3,"fontReduction":4,"abbreviation":5},"thinningDistanceUnit":"Point","truncationMarkerCharacter":".","truncationMinimumLength":1,"truncationPreferredCharacters":"aeiou","truncationExcludedCharacters":"0123456789"},"name":"Class 1","priority":-1,"standardLabelPlacementProperties":{"type":"CIMStandardLabelPlacementProperties","featureType":"Line","featureWeight":"Low","labelWeight":"High","numLabelsOption":"OneLabelPerName","lineLabelPosition":{"type":"CIMStandardLineLabelPosition","above":true,"inLine":true,"parallel":true},"lineLabelPriorities":{"type":"CIMStandardLineLabelPriorities","aboveStart":3,"aboveAlong":3,"aboveEnd":3,"centerStart":3,"centerAlong":3,"centerEnd":3,"belowStart":3,"belowAlong":3,"belowEnd":3},"pointPlacementMethod":"AroundPoint","pointPlacementPriorities":{"type":"CIMStandardPointPlacementPriorities","aboveLeft":2,"aboveCenter":2,"aboveRight":1,"centerLeft":3,"centerRight":2,"belowLeft":3,"belowCenter":3,"belowRight":2},"rotationType":"Arithmetic","polygonPlacementMethod":"AlwaysHorizontal"},"textSymbol":{"type":"CIMSymbolReference","symbol":{"type":"CIMTextSymbol","blockProgression":"TTB","depth3D":1,"extrapolateBaselines":true,"fontEffects":"Normal","fontEncoding":"Unicode","fontFamilyName":"Tahoma","fontStyleName":"Regular","fontType":"Unspecified","haloSize":1,"height":10,"hinting":"Default","horizontalAlignment":"Left","kerning":true,"letterWidth":100,"ligatures":true,"lineGapType":"ExtraLeading","symbol":{"type":"CIMPolygonSymbol","symbolLayers":[{"type":"CIMSolidFill","enable":true,"color":{"type":"CIMRGBColor","values":[0,0,0,100]}}]},"textCase":"Normal","textDirection":"LTR","verticalAlignment":"Bottom","verticalGlyphOrientation":"Right","wordSpacing":100,"billboardMode3D":"FaceNearPlane"}},"useCodedValue":true,"visibility":true,"iD":-1}],"renderer":{"type":"CIMSimpleRenderer","patch":"Default","symbol":{"type":"CIMSymbolReference","symbol":{"type":"CIMLineSymbol","symbolLayers":[{"type":"CIMSolidStroke","enable":true,"capStyle":"Round","joinStyle":"Round","lineStyle3D":"Strip","miterLimit":10,"width":1,"color":{"type":"CIMRGBColor","values":[169.110000000000014,66.6299999999999955,170.849999999999994,100]}}]}}},"scaleSymbols":true,"snappable":true}]}</LayerFile></DataProperties><SyncDate>20210607</SyncDate><SyncTime>00181100</SyncTime><ModDate>20210607</ModDate><ModTime>00181100</ModTime></Esri><dataIdInfo><envirDesc Sync="TRUE">Microsoft Windows 10 Version 10.0 (Build 18363) ; Esri ArcGIS 12.6.1.24783</envirDesc><dataLang><languageCode value="eng" Sync="TRUE"></languageCode><countryCode value="GBR" Sync="TRUE"></countryCode></dataLang><idCitation><resTitle Sync="TRUE">SingaporeLampsCCTVTrees</resTitle><presForm><PresFormCd value="005" Sync="TRUE"></PresFormCd></presForm></idCitation><spatRpType><SpatRepTypCd value="001" Sync="TRUE"></SpatRepTypCd></spatRpType></dataIdInfo><mdLang><languageCode value="eng" Sync="TRUE"></languageCode><countryCode value="GBR" Sync="TRUE"></countryCode></mdLang><mdChar><CharSetCd value="004" Sync="TRUE"></CharSetCd></mdChar><distInfo><distFormat><formatName Sync="TRUE">Shapefile</formatName></distFormat><distTranOps><transSize Sync="TRUE">0.000</transSize></distTranOps></distInfo><mdHrLv><ScopeCd value="005" Sync="TRUE"></ScopeCd></mdHrLv><mdHrLvName Sync="TRUE">dataset</mdHrLvName><refSysInfo><RefSystem><refSysID><identCode code="4326" Sync="TRUE"></identCode><idCodeSpace Sync="TRUE">EPSG</idCodeSpace><idVersion Sync="TRUE">6.14(3.0.1)</idVersion></refSysID></RefSystem></refSysInfo><spatRepInfo><VectSpatRep><geometObjs Name="SingaporeLampsCCTVTrees"><geoObjTyp><GeoObjTypCd value="002" Sync="TRUE"></GeoObjTypCd></geoObjTyp><geoObjCnt Sync="TRUE">0</geoObjCnt></geometObjs><topLvl><TopoLevCd value="001" Sync="TRUE"></TopoLevCd></topLvl></VectSpatRep></spatRepInfo><spdoinfo><ptvctinf><esriterm Name="SingaporeLampsCCTVTrees"><efeatyp Sync="TRUE">Simple</efeatyp><efeageom code="3" Sync="TRUE"></efeageom><esritopo Sync="TRUE">FALSE</esritopo><efeacnt Sync="TRUE">0</efeacnt><spindex Sync="TRUE">FALSE</spindex><linrefer Sync="TRUE">FALSE</linrefer></esriterm></ptvctinf></spdoinfo><eainfo><detailed Name="SingaporeLampsCCTVTrees"><enttyp><enttypl Sync="TRUE">SingaporeLampsCCTVTrees</enttypl><enttypt Sync="TRUE">Feature Class</enttypt><enttypc Sync="TRUE">0</enttypc></enttyp><attr><attrlabl Sync="TRUE">FID</attrlabl><attalias Sync="TRUE">FID</attalias><attrtype Sync="TRUE">OID</attrtype><attwidth Sync="TRUE">4</attwidth><atprecis Sync="TRUE">0</atprecis><attscale Sync="TRUE">0</attscale><attrdef Sync="TRUE">Internal feature number.</attrdef><attrdefs Sync="TRUE">Esri</attrdefs><attrdomv><udom Sync="TRUE">Sequential unique whole numbers that are automatically generated.</udom></attrdomv></attr><attr><attrlabl Sync="TRUE">Shape</attrlabl><attalias Sync="TRUE">Shape</attalias><attrtype Sync="TRUE">Geometry</attrtype><attwidth Sync="TRUE">0</attwidth><atprecis Sync="TRUE">0</atprecis><attscale Sync="TRUE">0</attscale><attrdef Sync="TRUE">Feature geometry.</attrdef><attrdefs Sync="TRUE">Esri</attrdefs><attrdomv><udom Sync="TRUE">Coordinates defining the features.</udom></attrdomv></attr><attr><attrlabl Sync="TRUE">Join_Count</attrlabl><attalias Sync="TRUE">Join_Count</attalias><attrtype Sync="TRUE">Integer</attrtype><attwidth Sync="TRUE">10</attwidth><atprecis Sync="TRUE">10</atprecis><attscale Sync="TRUE">0</attscale></attr><attr><attrlabl Sync="TRUE">TARGET_FID</attrlabl><attalias Sync="TRUE">TARGET_FID</attalias><attrtype Sync="TRUE">Integer</attrtype><attwidth Sync="TRUE">10</attwidth><atprecis Sync="TRUE">10</atprecis><attscale Sync="TRUE">0</attscale></attr><attr><attrlabl Sync="TRUE">Join_Cou_1</attrlabl><attalias Sync="TRUE">Join_Cou_1</attalias><attrtype Sync="TRUE">Integer</attrtype><attwidth Sync="TRUE">10</attwidth><atprecis Sync="TRUE">10</atprecis><attscale Sync="TRUE">0</attscale></attr><attr><attrlabl Sync="TRUE">TARGET_F_1</attrlabl><attalias Sync="TRUE">TARGET_F_1</attalias><attrtype Sync="TRUE">Integer</attrtype><attwidth Sync="TRUE">10</attwidth><atprecis Sync="TRUE">10</atprecis><attscale Sync="TRUE">0</attscale></attr><attr><attrlabl Sync="TRUE">Join_Cou_2</attrlabl><attalias Sync="TRUE">Join_Cou_2</attalias><attrtype Sync="TRUE">Integer</attrtype><attwidth Sync="TRUE">10</attwidth><atprecis Sync="TRUE">10</atprecis><attscale Sync="TRUE">0</attscale></attr><attr><attrlabl Sync="TRUE">TARGET_F_2</attrlabl><attalias Sync="TRUE">TARGET_F_2</attalias><attrtype Sync="TRUE">Integer</attrtype><attwidth Sync="TRUE">10</attwidth><atprecis Sync="TRUE">10</atprecis><attscale Sync="TRUE">0</attscale></attr><attr><attrlabl Sync="TRUE">osm_id</attrlabl><attalias Sync="TRUE">osm_id</attalias><attrtype Sync="TRUE">String</attrtype><attwidth Sync="TRUE">10</attwidth><atprecis Sync="TRUE">0</atprecis><attscale Sync="TRUE">0</attscale></attr><attr><attrlabl Sync="TRUE">code</attrlabl><attalias Sync="TRUE">code</attalias><attrtype Sync="TRUE">SmallInteger</attrtype><attwidth Sync="TRUE">4</attwidth><atprecis Sync="TRUE">4</atprecis><attscale Sync="TRUE">0</attscale></attr><attr><attrlabl Sync="TRUE">fclass</attrlabl><attalias Sync="TRUE">fclass</attalias><attrtype Sync="TRUE">String</attrtype><attwidth Sync="TRUE">28</attwidth><atprecis Sync="TRUE">0</atprecis><attscale Sync="TRUE">0</attscale></attr><attr><attrlabl Sync="TRUE">name</attrlabl><attalias Sync="TRUE">name</attalias><attrtype Sync="TRUE">String</attrtype><attwidth Sync="TRUE">100</attwidth><atprecis Sync="TRUE">0</atprecis><attscale Sync="TRUE">0</attscale></attr><attr><attrlabl Sync="TRUE">ref</attrlabl><attalias Sync="TRUE">ref</attalias><attrtype Sync="TRUE">String</attrtype><attwidth Sync="TRUE">20</attwidth><atprecis Sync="TRUE">0</atprecis><attscale Sync="TRUE">0</attscale></attr><attr><attrlabl Sync="TRUE">oneway</attrlabl><attalias Sync="TRUE">oneway</attalias><attrtype Sync="TRUE">String</attrtype><attwidth Sync="TRUE">1</attwidth><atprecis Sync="TRUE">0</atprecis><attscale Sync="TRUE">0</attscale></attr><attr><attrlabl Sync="TRUE">maxspeed</attrlabl><attalias Sync="TRUE">maxspeed</attalias><attrtype Sync="TRUE">SmallInteger</attrtype><attwidth Sync="TRUE">3</attwidth><atprecis Sync="TRUE">3</atprecis><attscale Sync="TRUE">0</attscale></attr><attr><attrlabl Sync="TRUE">layer</attrlabl><attalias Sync="TRUE">layer</attalias><attrtype Sync="TRUE">Double</attrtype><attwidth Sync="TRUE">12</attwidth><atprecis Sync="TRUE">12</atprecis><attscale Sync="TRUE">0</attscale></attr><attr><attrlabl Sync="TRUE">bridge</attrlabl><attalias Sync="TRUE">bridge</attalias><attrtype Sync="TRUE">String</attrtype><attwidth Sync="TRUE">1</attwidth><atprecis Sync="TRUE">0</atprecis><attscale Sync="TRUE">0</attscale></attr><attr><attrlabl Sync="TRUE">tunnel</attrlabl><attalias Sync="TRUE">tunnel</attalias><attrtype Sync="TRUE">String</attrtype><attwidth Sync="TRUE">1</attwidth><atprecis Sync="TRUE">0</atprecis><attscale Sync="TRUE">0</attscale></attr><attr><attrlabl Sync="TRUE">Lamps50m</attrlabl><attalias Sync="TRUE">Lamps50m</attalias><attrtype Sync="TRUE">Integer</attrtype><attwidth Sync="TRUE">10</attwidth><atprecis Sync="TRUE">10</atprecis><attscale Sync="TRUE">0</attscale></attr><attr><attrlabl Sync="TRUE">Lamps25m</attrlabl><attalias Sync="TRUE">Lamps25m</attalias><attrtype Sync="TRUE">Integer</attrtype><attwidth Sync="TRUE">10</attwidth><atprecis Sync="TRUE">10</atprecis><attscale Sync="TRUE">0</attscale></attr><attr><attrlabl Sync="TRUE">Lamps10m</attrlabl><attalias Sync="TRUE">Lamps10m</attalias><attrtype Sync="TRUE">Integer</attrtype><attwidth Sync="TRUE">10</attwidth><atprecis Sync="TRUE">10</atprecis><attscale Sync="TRUE">0</attscale></attr><attr><attrlabl Sync="TRUE">CCTV100mRE</attrlabl><attalias Sync="TRUE">CCTV100mRE</attalias><attrtype Sync="TRUE">Integer</attrtype><attwidth Sync="TRUE">10</attwidth><atprecis Sync="TRUE">10</atprecis><attscale Sync="TRUE">0</attscale></attr><attr><attrlabl Sync="TRUE">CCTV50mRE</attrlabl><attalias Sync="TRUE">CCTV50mRE</attalias><attrtype Sync="TRUE">Integer</attrtype><attwidth Sync="TRUE">10</attwidth><atprecis Sync="TRUE">10</atprecis><attscale Sync="TRUE">0</attscale></attr><attr><attrlabl Sync="TRUE">CCTV25mRE</attrlabl><attalias Sync="TRUE">CCTV25mRE</attalias><attrtype Sync="TRUE">Integer</attrtype><attwidth Sync="TRUE">10</attwidth><atprecis Sync="TRUE">10</atprecis><attscale Sync="TRUE">0</attscale></attr><attr><attrlabl Sync="TRUE">Length</attrlabl><attalias Sync="TRUE">Length</attalias><attrtype Sync="TRUE">Double</attrtype><attwidth Sync="TRUE">19</attwidth><atprecis Sync="TRUE">0</atprecis><attscale Sync="TRUE">0</attscale></attr><attr><attrlabl Sync="TRUE">Trees50m</attrlabl><attalias Sync="TRUE">Trees50m</attalias><attrtype Sync="TRUE">Integer</attrtype><attwidth Sync="TRUE">10</attwidth><atprecis Sync="TRUE">10</atprecis><attscale Sync="TRUE">0</attscale></attr><attr><attrlabl Sync="TRUE">Trees25m</attrlabl><attalias Sync="TRUE">Trees25m</attalias><attrtype Sync="TRUE">Integer</attrtype><attwidth Sync="TRUE">10</attwidth><atprecis Sync="TRUE">10</atprecis><attscale Sync="TRUE">0</attscale></attr><attr><attrlabl Sync="TRUE">Trees10m</attrlabl><attalias Sync="TRUE">Trees10m</attalias><attrtype Sync="TRUE">Integer</attrtype><attwidth Sync="TRUE">10</attwidth><atprecis Sync="TRUE">10</atprecis><attscale Sync="TRUE">0</attscale></attr><attr><attrlabl Sync="TRUE">LAMPPOST_N</attrlabl><attalias Sync="TRUE">LAMPPOST_N</attalias><attrtype Sync="TRUE">String</attrtype><attwidth Sync="TRUE">20</attwidth><atprecis Sync="TRUE">0</atprecis><attscale Sync="TRUE">0</attscale></attr><attr><attrlabl Sync="TRUE">Lamps20m</attrlabl><attalias Sync="TRUE">Lamps20m</attalias><attrtype Sync="TRUE">Integer</attrtype><attwidth Sync="TRUE">10</attwidth><atprecis Sync="TRUE">10</atprecis><attscale Sync="TRUE">0</attscale></attr><attr><attrlabl Sync="TRUE">Field</attrlabl><attalias Sync="TRUE">Field</attalias><attrtype Sync="TRUE">Integer</attrtype><attwidth Sync="TRUE">10</attwidth><atprecis Sync="TRUE">10</atprecis><attscale Sync="TRUE">0</attscale></attr><attr><attrlabl Sync="TRUE">OBJECTID</attrlabl><attalias Sync="TRUE">OBJECTID</attalias><attrtype Sync="TRUE">Integer</attrtype><attwidth Sync="TRUE">9</attwidth><atprecis Sync="TRUE">9</atprecis><attscale Sync="TRUE">0</attscale></attr><attr><attrlabl Sync="TRUE">UNIQUE_ID</attrlabl><attalias Sync="TRUE">UNIQUE_ID</attalias><attrtype Sync="TRUE">Double</attrtype><attwidth Sync="TRUE">19</attwidth><atprecis Sync="TRUE">0</atprecis><attscale Sync="TRUE">0</attscale></attr><attr><attrlabl Sync="TRUE">INC_CRC</attrlabl><attalias Sync="TRUE">INC_CRC</attalias><attrtype Sync="TRUE">String</attrtype><attwidth Sync="TRUE">50</attwidth><atprecis Sync="TRUE">0</atprecis><attscale Sync="TRUE">0</attscale></attr><attr><attrlabl Sync="TRUE">FMEL_UPD_D</attrlabl><attalias Sync="TRUE">FMEL_UPD_D</attalias><attrtype Sync="TRUE">Date</attrtype><attwidth Sync="TRUE">8</attwidth><atprecis Sync="TRUE">0</atprecis><attscale Sync="TRUE">0</attscale></attr><attr><attrlabl Sync="TRUE">X_ADDR</attrlabl><attalias Sync="TRUE">X_ADDR</attalias><attrtype Sync="TRUE">Double</attrtype><attwidth Sync="TRUE">19</attwidth><atprecis Sync="TRUE">0</atprecis><attscale Sync="TRUE">0</attscale></attr><attr><attrlabl Sync="TRUE">Y_ADDR</attrlabl><attalias Sync="TRUE">Y_ADDR</attalias><attrtype Sync="TRUE">Double</attrtype><attwidth Sync="TRUE">19</attwidth><atprecis Sync="TRUE">0</atprecis><attscale Sync="TRUE">0</attscale></attr><attr><attrlabl Sync="TRUE">CCTV20mRE</attrlabl><attalias Sync="TRUE">CCTV20mRE</attalias><attrtype Sync="TRUE">Integer</attrtype><attwidth Sync="TRUE">10</attwidth><atprecis Sync="TRUE">10</atprecis><attscale Sync="TRUE">0</attscale></attr><attr><attrlabl Sync="TRUE">height_est</attrlabl><attalias Sync="TRUE">height_est</attalias><attrtype Sync="TRUE">Double</attrtype><attwidth Sync="TRUE">18</attwidth><atprecis Sync="TRUE">18</atprecis><attscale Sync="TRUE">0</attscale></attr></detailed></eainfo><mdDateSt Sync="TRUE">20210607</mdDateSt></metadata>
